short_name,checksum
Biobank1x_1T2017,21ace5fad5f00f4f883c389efcfaef8d
CW1_1x_1T2016,7c3ab417de2042d44e08a3de1c1dfbdd
CW1_1x_1T2017,06cf950b6c4b543e1af4acc263960ddd
CW1_1x_3T2016,8a1a759fd7182b35c233e558cafe7970
CW1_2x_1T2016,5d8d9ec6a9cd35523d3f19e9bcaa4a38
CW1_2x_1T2017,c5b0179813534ef8469fe0096d67a8e5
CW1_2x_3T2016,35a5fc6b36111faf4b38f16b49d235a1
China300_1x_1T2016,cd076348267f2625b7230148b798d6d6
China300_1x_3T2015,a6214ea98599469ca40958d34d59bcda
China300_1x_3T2016,e8863ac13f158ba1df62c74b64a20907
China300_2x_1T2016,bd7adc5ca4f2b547d5797c1547cfc234
China300_2x_3T2015,2e439d897145ddfe62ac18d658852db1
China300_2x_3T2016,cfd251302ec3d2e22c9ff01029c4efd3
China300x_3T2014,bf18cf0bc8fedcb40d1ceb09be3219a4
Climate101x_3T2015,dd3da7e3fb215acf1656a9d429cc9620
Climate1x_1T2016,aca59a8ea39d94a34834ab244965618a
Climate1x_2T2016,02fcb8c24b9090fc0b0e624ef1bcb318
Climate1x_2T2017,2deb0bb92b2feebe831b00e91ac8615f
Climate1x_3T2016,51157e2f4d14b1c20ac96f9978e06ee8
EcodesignX_1T2017,0920fff124f94d5bc2c3ca2a5b6b5a91
EcodesignX_2T2017,623b935d5c72b3f9fc122105a04ad876
FBSEx_2T2017,157a527769e2132a0bf595cc98b83df4
FamBiz1x_1T2017,cb83a58a1ae8af81311e19b1b5b2023a
Forest222x_1T2015,28e3306ad7ad16f29354e35c64ee4f7d
HtC1x_2T2017,a7a36782f4dc8edacbe61f6c8ad41d60
ITSx_1T2016,8441e1d0bebf7ba745793c7428851776
ITSx_1T2017,86e7029f24de9eedee5eafb863b94bd0
ITSx_2T2015,59b8bce9db82c8c4214c405c8d590a7d
ITSx_3T2016,3c6a97deca14b67cf2241dd3d17b1327
IndEdu200x_1T2015,5e838c23370030d3d3e26d7d92c711fa
IndEdu200x_1T2017,5940223c0bfd1e8fde894e1d039f39e9
IndEdu200x_3T2015,8c2bed1c537bee2010a713773174a3f7
Marketing1x_3T2015,039d7e7b8d3b1f4c9556306cf31c1046
Marketing5501x_2T2015,5aebf17ed4db8f84594d415aa316e88d
PSYC_1x_3T2016,ed378b4a61cc8c8b66ebe140af78d2c8
PSYC_2x_3T2016,f6291ef58a39652347f049452f7b753a
PSYC_3x_3T2016,ecf6e037342854c3ff77b894903fda20
PSYC_4x_1T2017,1be26c868af41ff3ffd0e45f4dcf2130
PSYC_5x_1T2017,a95b5bb3904677abcb98d9b877f7156a
PSYC_6x_1T2017,22a77683b6ccf39308955705490d1e13
Phot1x_1T2016,a8e99b7dbd5959f8974e8d16b1bb1ff8
Phot1x_1T2017,0429ddf64937a552f480f1bbe8dc3991
Phot1x_2T2015,6eac54fccda3518eee378a480cac2e4c
Phot1x_3T2015,e22a24f4158df2f25439ae3a1ab0d157
Phot1x_3T2016,0161ee5c9de2453b73afbe81fab146b9
ReligionX_1T2017,efeddc910bb6798f8cdfa327c35983ba
SPD1x_1T2016,7f3e6ccd1f96f85e0b93d7d8868e0093
SPD1x_2T2015,b1f077ad348b548b678225de4b0c6ec2
SPD1x_2T2016,81a93452829d0da0dbfb8aad6b9e5502
SPD2x_2T2015,817c40f70e2a2cd714cd035d37e74524
SPD2x_2T2016,cba9c8a918d44314d0e4b69cf541ed43
SPD3x_2T2016,0986ba06780e777d2001067c318c06b9
SPD3x_3T2015,7bdf44e71a68a8ce1f73697701c56847
UseGen_1x_1T2016,61eec083b8961a34d80a40bdc18c0219
UseGen_1x_3T2015,40b33a7f011bdb36afa6eef3da602680
UseGen_2x_1T2016,65e9d442e10af9f19cb25cf65ecdc8b1
UseGen_2x_3T2015,40b330990931366099117779182bf82e
Water201x_2_2T2015,dea93e79f8ab3802b5efad43bbf53ffa
Water201x_3T2014,8be0d6765cb834c35142ccc97f116bc3
